Name,Email,Gender,Status,,
bismi,bismi@yahoo.com,male,active,,
Lokesh Gupta,lgupta@abc.com,male,active,,
Tejas Mahajan,tejas_mahajan@considine.name,female,active,,
Miss Varalakshmi Butt,butt_varalakshmi_miss@cole-lynch.org,male,active,,
Aditya Khan,khan_aditya@schneider-anderson.info,female,active,,
Sweta Tagore,tagore_sweta@hand.org,female,active,,
Gov. Mohini Pandey,pandey_mohini_gov@kuphal.net,female,active,,
Vaishnavi Embranthiri,embranthiri_vaishnavi@cormier.io,male,inactive,,
Varalakshmi Guha,guha_varalakshmi@dickinson.io,female,active,,
Chinmayanand Mehrotra V,v_mehrotra_chinmayanand@hettinger.info,male,inactive,,
Shresth Talwar,talwar_shresth@haley.net,female,active,,
Vidhya Mukhopadhyay,mukhopadhyay_vidhya@thompson.net,female,active,,
Yogendra Panicker V,yogendra_panicker_v@kassulke-champlin.co,female,inactive,,
Msgr. Agneya Ganaka,ganaka_agneya_msgr@torphy-emard.io,female,active,,
Tanushree Desai,desai_tanushree@hand.info,male,active,,
Mangala Sethi,mangala_sethi@rodriguez-gerhold.com,male,active,,
Raj Talwar,raj_talwar@jaskolski-bode.co,female,active,,
Ritesh Nambeesan LLD,ritesh_nambeesan_lld@funk.com,female,inactive,,
Tejas Varrier,tejas_varrier@christiansen-swaniawski.org,female,inactive,,
Mrs. Tara Dhawan,mrs_dhawan_tara@jacobs.biz,male,inactive,,

